tau1,tau2,tau3,q1,q2,q3,dq1,dq2,dq3,ddq1,ddq2,ddq3,G1,G2,G3,Cqdot1,Cqdot2,Cqdot3,M1,M2,M3,M4,M5,M6,M7,M8,M9
2.739233746,-4.604265725,-9.180529521,-2.904637431355251,0.8331516805661772,-3.1416877901004057,-0.9541197844078506,-3.6231133150256642,0.024447525101400913,28.206675114354486,-57.75405192928451,-4.8895050202446555,-28.548392763468737,-4.708689371079613,2.354958716776449,-14.91444353833744,0.6737445110039051,-0.3358266535010275,4.3456479776714865,1.3395948244318157,-0.5027668767403607,1.3395948244318157,0.667083337858811,-0.1664583310705945,-0.5027668767403607,-0.1664583310705945,0.3335416666666666
-9.669447289,6.265404784,8.255111546,-3.141590264704806,0.3698127030550601,3.141594849518734,-1.691928514995205e-05,-1.8771942859440023,-0.0012123796834906386,0.0021510021480418764,23.322400408734676,0.2424759366626006,-33.67179094870334,-9.146790948773319,4.573389634698737,-1.2728626830232344,5.102776867715875e-09,-3.869192785721509e-06,4.865415911139377,1.5994787889042277,-0.6326554658409429,1.5994787889042277,0.6670833333357442,-0.16645833333212784,-0.6326554658409429,-0.16645833333212784,0.3335416666666666
2.132715515,4.58993122,0.872499829,-1.7378230255134859,-0.11854347726129963,-1.348813023749549,0.25797454822799515,-5.076270391001315,-0.6297570535457985,-9.392949293029751,11.71067952748217,51.59944439438835,-13.117679913227452,-9.040370089029526,-4.895087170983025,21.98823548560796,3.1084286105836325,-11.356256488666943,7.302990991969168,3.428348675814522,0.4952517432863542,3.428348675814522,1.8872480263265432,0.44362401316327155,0.4952517432863542,0.44362401316327155,0.3335416666666666
8.701448476,6.317071082,-9.945229997,-1.7111570496200315,-1.322883541609983,-3.141590000000001,0.7918015228778063,-4.029438222982826,3.552713678800501e-13,-4.755678526091711,31.86773226758355,-8.881784197001252e-11,-13.184372580711578,-9.753317746034643,4.876656777213947,9.554034599789482,-0.6077819334748753,0.303876752710746,3.491384614460681,0.9124631405654343,-0.28915016629080376,0.9124631405654343,0.667083333336854,-0.166458333331573,-0.28915016629080376,-0.166458333331573,0.3335416666666666
7.148085532,-9.328288494,4.593108929,-2.344940583754662,-1.0432138251819816,0.9390003184928326,0.7233157791393923,1.5383312234810051,-5.869464677073393,11.036356328639974,-13.942094706486108,8.132317939201883,-35.19085267416605,-18.045315832056865,-3.7753367451135187,3.4129876284841885,-3.893330811011502,2.0366277472077505,7.096132810260363,3.510134754008213,1.1261265248587335,3.510134754008213,2.2576783644227305,0.6288391822113653,1.1261265248587335,0.6288391822113653,0.3335416666666666
-6.486887588,7.263578447,0.829224405,-1.907209130856128,-0.8349870604625228,-1.1945168568484104,-0.4650556750442826,-2.4583518402786217,-1.6257077914767928,-21.144774615944716,46.03495027760784,-26.369176538094674,-25.087122420245784,-16.991343695641866,-3.434475190807598,24.092172930718924,5.311671965399505,-4.07115783187208,5.938859939635589,2.8199321958993613,0.2958782245279874,2.8199321958993613,2.0345461188298,0.5172730594149,0.2958782245279874,0.5172730594149,0.3335416666666666
-4.005762189,-1.546255576,-9.433606577,-3.122079353760074,0.7897663413996119,-3.1415900000000008,-4.119562231993732,4.911765435602694,1.77639153386977e-13,19.426189925855653,-49.45162385070123,-3.469446951953614e-15,-31.289436596817602,-6.769105626934377,3.3845386823217334,11.606747243610045,12.052451141771968,-6.026250181612976,4.408649437732633,1.3710955522014103,-0.5184630293496924,1.3710955522014103,0.667083333336854,-0.166458333331573,-0.5184630293496924,-0.166458333331573,0.3335416666666666
-7.51433447,3.412488294,2.943790231,-2.44551804432167,0.2772917143093594,-1.646041555280707,1.0324858721425638,-7.055011263132296,-0.6146652101905103,7.187827100918254,-21.969859650725176,88.6351962412204,-30.933586335717976,-12.113957397333847,-3.8364829378046275,10.479594645666797,3.7953036355668353,-18.606261288575638,7.01152645020671,3.1349469363760885,0.3962918474705431,3.1349469363760885,1.5919090892121335,0.2959545446060666,0.3962918474705431,0.2959545446060666,0.3335416666666666
2.30770223,-2.326448915,9.944198716,-2.127021144256646,-0.9979488854417201,3.1415900000000008,-0.4693980341159896,-5.715035580340933,-1.7763568394002505e-13,-10.959099849354613,32.67965013897811,0.0,-22.75744910421965,-9.808644506355723,4.904322577673582,31.956283192953535,-0.185160373016366,0.09263117040609625,4.084681472979952,1.2091115698250694,-0.43747077909423354,1.2091115698250694,0.667083333336854,-0.166458333331573,-0.43747077909423354,-0.166458333331573,0.3335416666666666
9.616706776,3.71083969,3.009185525,-1.8839659168576284,0.18447227900965893,0.23687329895639858,-1.9488105572845946,4.727743873464454,-14.627642325934506,32.77184908610331,-48.98289922582855,0.7182945994106404,-8.914542747800757,-1.358988509310744,0.5295689689234399,-44.57892998567572,-13.744803937460292,1.6827358561159405,8.834340449667293,4.5699792835014845,1.2758496121944818,4.5699792835014845,2.6391597840023433,0.8195798920011717,1.2758496121944818,0.8195798920011717,0.3335416666666666
3.768934611,-2.22157152,-7.2980699,-2.6273095589310898,0.5198568486106039,-3.0647342367653887,-0.6609235155258281,-5.074212873828376,-0.027266287696571176,32.912688401318,-71.65859575171751,-3.124442059799573,-26.699174380592186,-5.346591053173922,2.176677456102632,-14.964495161491183,0.214794049065139,-1.3854920957619987,4.780062194284728,1.5582780076946086,-0.5785751859925026,1.5582780076946086,0.670035487771157,-0.16498225611442152,-0.5785751859925026,-0.16498225611442152,0.3335416666666666
4.429766804,0.50708645,-3.795162489,-2.2126659925638004,0.35640361857733677,0.2278967353701131,-3.6921595633337185,2.1329310191765933,5.7329644607931876,20.640606400454953,-22.82397923617463,-42.60831169862023,-19.109005737482402,-4.4260342181858805,-0.28222152321723293,3.124086110472625,9.201068220417092,4.0344646726297,8.620340007127961,4.464012705947077,1.237662648676752,4.464012705947077,2.6412270714328594,0.8206135357164297,1.237662648676752,0.8206135357164297,0.3335416666666666
-0.283292823,7.789756687,8.680870319,-2.6080154606247063,-0.2423470484872381,3.1415900000000008,-3.926788469772288,7.510580967007837,-1.7763568394002505e-13,-21.6215794359913,84.62416716662702,0.0,-30.51276811876815,-9.396910779209666,4.698460995460314,-0.6182134258062568,-3.7004189278852273,1.8502562960325832,4.9421804376235325,1.63786105214686,-0.651846715124177,1.63786105214686,0.667083333336854,-0.166458333331573,-0.651846715124177,-0.166458333331573,0.3335416666666666
-2.844096066,1.430596615,-3.562612178,-2.022152496923368,-0.8874478954540486,1.279946193070015,-3.042844173308348,3.014709839690182,-3.1423320849176726,-4.687218737690735,36.95232972902706,-53.16761202463738,-25.306789203493206,-14.609320362623372,-0.28853120665466214,-15.73509493960088,-13.813608376633596,1.771134290857625,7.105527536758233,3.362917980267051,0.9389032205362533,3.362917980267051,1.9538500904425362,0.4769250452212681,0.9389032205362533,0.4769250452212681,0.3335416666666666
1.886000604,-3.24177549,-2.167619989,-1.837473438410111,-0.1058348535009028,0.049001427868282356,-1.952694375921409,-0.7262019171509295,-1.3807999783783778,4.840885557214181,0.997662655124687,-20.591003499716987,-13.377912025755354,-6.914900900099166,-1.5592844991697103,0.6648754925036684,-0.9403698177787536,0.06746361804660106,8.981024238443252,4.656682787676084,1.3321342095543391,4.656682787676084,2.6658830035755825,0.8329415017877911,1.3321342095543391,0.8329415017877911,0.3335416666666666
7.80548704,-5.456848129,2.463742894,-2.318553582381812,0.6872065067376321,-0.8876472714640663,-1.2887983958646845,2.00077858821514,-2.396406472101241,27.15883811573616,-61.02086631264925,46.73664043955794,-21.55201842796373,-4.875115154841151,-3.984655247719053,2.119000792921444,2.318912592562903,-0.3619328483101154,7.930905935271004,3.9478430618491327,1.1391503856521321,3.9478430618491327,2.298321855093928,0.6491609275469641,1.1391503856521321,0.6491609275469641,0.3335416666666666
-8.319693128,6.652882953,5.74196615,-3.1247817058162255,0.5469379887301706,3.1295509010153397,-0.0757222642412129,-2.3494730744980115,0.0887209269450958,-2.1752316670974743,31.641600824494187,16.38050977523449,-32.782252967963146,-8.260718366520923,4.177249843714353,-3.191331051923285,0.005555144689356695,0.033949941190874355,4.702738964764826,1.5181765662289708,-0.5965828466749373,1.5181765662289708,0.6671558343597819,-0.166422082820109,-0.5965828466749373,-0.166422082820109,0.3335416666666666
-5.21261114,7.529684616,-8.828639304,-2.905484608832456,0.7075456535489797,-1.1327396490838442,-3.5743155109219016,10.762311993820383,-11.479876729735537,31.89054841037464,-63.88985613820708,75.96394021611097,-37.2974028780566,-13.452830758235503,-4.8175754931064985,-51.80727830787576,-5.233102168546019,-26.029352869459927,7.615642413755049,3.686682259120504,1.0011112492867167,3.686682259120504,2.091263771152626,0.5456318855763128,1.0011112492867167,0.5456318855763128,0.3335416666666666
-3.277658789,-6.994410662,-0.993212667,-1.815132459439748,-0.8861931046053496,0.8797312005400919,-1.9353885355042395,-2.712978909237692,2.556733608313981,-9.181058977723033,35.404036536169855,-58.873615594782436,-20.461952341028667,-14.529054927596448,-1.2173087150965753,27.396651272335866,2.2747018704746633,8.312847973419133,7.535059485629599,3.7529797238343203,1.1522103753381416,3.7529797238343203,2.3044416287057086,0.6522208143528543,1.1522103753381416,0.6522208143528543,0.3335416666666666
5.926485406,-5.38715582,-8.959573979,-2.506031044561695,0.30705714051639077,-3.1415900000000008,0.08230100398599226,-5.1994347424426985,1.7763394921654907e-13,39.41613146982813,-94.34513563412317,1.734723475976807e-15,-25.50127526285658,-5.765065127756699,2.8825167671703356,-7.91247727454018,0.002047300361494031,-0.0010584052316109371,4.907080181044808,1.6203109238574975,-0.6430715270443168,1.6203109238574975,0.667083333336854,-0.166458333331573,-0.6430715270443168,-0.166458333331573,0.3335416666666666
-1.908963204,-6.02973911,-8.184939088,-2.537233206459369,-0.6284380735314287,-3.1415900000000008,-0.5146040722319576,-7.305328470014852,1.7763568394002505e-13,-12.211998769486087,34.99242158363991,0.0,-29.98795080886782,-9.80715600191713,4.903578470993214,35.794156557185346,-0.15568162773989336,0.0777592522319086,4.618516886192234,1.4760292764312108,-0.570932474874792,1.4760292764312108,0.667083333336854,-0.166458333331573,-0.570932474874792,-0.166458333331573,0.3335416666666666
1.60664772,-4.026077344,3.439897559,-2.2310823539676927,-1.0402194514843701,3.078068410009343,-0.899066121014548,-5.98523324480965,-1.1501157704467697,-9.418964349419689,27.20973417287098,-7.3925898477338325,-24.81990895673949,-9.77767712678251,4.813710334221787,31.2678661495203,-1.2295242311964323,1.8651824885758446,4.0704784118332755,1.2030185324286267,-0.39057811115216995,1.2030185324286267,0.6691003196906444,-0.16544984015467779,-0.39057811115216995,-0.16544984015467779,0.3335416666666666
-6.009691121,8.84226221,-2.697796635,-2.2288293175340126,-0.4777989587264662,-1.5722298772307206,-1.2604098287370538,2.0735514390443157,-11.4969586298297,-22.971923695360495,22.66484155066273,-11.479877574524622,-30.40384597200145,-15.405294180107381,-2.0604806180331208,106.03955468956438,54.940737640992914,-1.0354352810549399,6.202120676198851,2.76711439646035,0.10227575213011478,2.76711439646035,1.6656497833885162,0.3328248916942581,0.10227575213011478,0.3328248916942581,0.3335416666666666
-7.890094409,2.582163031,8.543091061,-3.1202973655865396,0.21248136619589422,3.1117429280609814,0.8072740741824569,-3.900676418692972,6.250937776904515,6.1214285526293155,10.13282523921788,26.819340125824098,-34.03080582936949,-9.511366531654101,4.803362822401891,-1.9806414451109617,0.14098716478498297,0.0836173935927178,4.950233241829698,1.6421101892377956,-0.657920170847262,1.6421101892377956,0.6675288033125593,-0.16623559834372037,-0.657920170847262,-0.16623559834372037,0.3335416666666666
-1.192456906,9.091809874,-0.002083726,-1.7596625095943395,-0.9364359259687595,-0.37742390695592526,1.0643399457411367,-2.431235175298368,-4.780352706040635,-24.322921355509617,62.230180278427305,-62.43954139115804,-22.776879380162644,-18.172424413181417,-4.893640563563597,25.23377280006519,4.702328273101241,-0.8920945495773012,6.962348296882325,3.6127535211418382,0.9254096103053426,3.6127535211418382,2.5967004120680173,0.7983502060340087,0.9254096103053426,0.7983502060340087,0.3335416666666666
-1.495427503,2.40426904,9.901930105,-2.511341999886831,-1.3343483878696165,3.141590000032329,-2.8252258530443015,1.537633928645564,-8.08233480142917e-09,4.038719838576288,21.334248883836835,1.616484723854228e-06,-27.290402981443535,-7.477150601574517,3.7385626622685266,-6.1480481342535,-7.7598116565398,3.879911749057912,3.4691293443493336,0.9013355055097605,-0.28358248462338964,0.9013355055097605,0.6670833333368538,-0.16645833333157312,-0.28358248462338964,-0.16645833333157312,0.3335416666666666
8.978873499,-0.799097214,5.154576906,-1.9892790292233717,-0.36632760090816907,3.1415902759149956,0.9965141506271183,-7.4780969347497,-6.897874893496518e-05,-4.623546475620799,21.774107591274294,0.013795749786991648,-16.898966254753958,-6.93263025443045,3.466327504414011,14.691950980160808,-0.35569518767989106,0.17789919080320882,4.867923955439973,1.6007328110547328,-0.6332824334462892,1.6007328110547328,0.6670833333361599,-0.16645833333192006,-0.6332824334462892,-0.16645833333192006,0.3335416666666666
-0.05154609,0.586243204,5.715714014,-2.5952261252022684,-0.1916638177603994,3.0252083590935084,-4.08984456819086,5.131874874819492,-0.5065758241548775,5.927091410281804,5.775404224896974,8.423291242665886,-29.9872243157129,-9.032621405700855,4.766366640909451,-1.9305278181463876,-2.1973253777125805,2.5988246566745765,4.999528762789506,1.669917720053609,-0.6395394258028776,1.669917720053609,0.6738483439843783,-0.16307582800781084,-0.6395394258028776,-0.16307582800781084,0.3335416666666666
-1.706883013,4.689671436,4.22285756,-3.0576666795968377,0.9577862463579394,3.1415900033905166,-3.6363993216304453,2.0918279531952435,-8.476291668522984e-07,12.142656025107001,-23.45541743715218,0.00016952581560411573,-29.39019544653624,-4.9515165275318616,2.4757750965121166,8.864379598402781,10.81569250604853,-5.407827969975233,4.151286967521702,1.24241431709594,-0.4541254509477151,1.24241431709594,0.6670833333368449,-0.16645833333157756,-0.4541254509477151,-0.16645833333157756,0.3335416666666666
8.641193732,-7.701347334,4.580302342,-2.325815315779371,-0.7310809931114075,1.2138646488557268,0.8921804153238733,0.905606392448461,-6.725006039095345,18.868780640425296,-22.688709072153813,-6.136824981782141,-32.78817798894206,-15.981134233562521,-1.3188815019510858,-12.87038070984243,-10.471936087247876,1.6989332101168853,7.469091257146763,3.576016935232201,0.951095166812538,3.576016935232201,2.016484279984304,0.508242139992152,0.951095166812538,0.508242139992152,0.3335416666666666
8.548478572,9.358523798,-9.705873901,-2.382924516537946,2.644573779705238,-3.1415900000000008,4.925065842964305,-0.6616021025264124,1.7763568394002505e-13,7.874475751993515,-14.681511190400398,-3.469446951953614e-15,-8.322973493437427,9.476116784663265,-4.738053342009915,2.8985899833269944,11.565594841737745,-5.78277910435435,1.242610488886831,-0.2119239222214907,0.27304624338337286,-0.2119239222214907,0.667083333336854,-0.166458333331573,0.27304624338337286,-0.166458333331573,0.3335416666666666
7.272801805,9.623900801,9.144203592,-2.2156519420434453,-0.5524054019863431,3.1415900000000008,0.3853477116082677,-3.128378294160906,-1.7763568394002505e-13,-12.562363521151253,57.06051891490249,0.0,-23.875089966072615,-9.133528056259557,4.566771152515725,3.870302330758957,-0.07791943734166296,0.03896995333677289,4.703155960518748,1.5183488135944678,-0.5920900291318077,1.5183488135944678,0.667083333336854,-0.166458333331573,-0.5920900291318077,-0.166458333331573,0.3335416666666666
-7.024719755,9.452576276,7.798711114,-3.1342213579244707,0.6948822864002336,3.14159824227446,-0.042008818439860734,-0.2019589963247402,-0.0020605686151142777,-7.825570694238136,42.34766645177218,0.4121137230583827,-32.01319209852376,-7.488858390704152,3.744402635033615,-0.03665722121117909,0.0011299538047877533,-0.0005651474935777223,4.53688673552651,1.435214201104396,-0.5505210833890112,1.435214201104396,0.66708333334895,-0.16645833332552507,-0.5505210833890112,-0.16645833332552507,0.3335416666666666
6.447476551,-0.400241524,-5.352541607,-2.291081472079746,0.14601524508041677,-3.120504084849191,-0.9779463142399764,-4.288670864923096,0.15035237328244153,21.863734329300332,-46.4808485349133,-3.334675822828037,-21.593105938673695,-5.416439997188913,2.5770710215651094,-3.763894880181656,0.112730044252082,-0.3719837657695355,4.982852841455388,1.6583084318734964,-0.6593824636799106,1.6583084318734964,0.6673056889582708,-0.1663471555208646,-0.6593824636799106,-0.1663471555208646,0.3335416666666666
6.037611574,8.470603196,-4.677394554,-1.8922083503758387,-0.8696323591664531,-0.9701933421745367,0.31928114161567456,-1.0875703538242738,4.106284290786157,-19.125597221371915,58.71608509357507,-81.97778056499327,-25.48882178949741,-17.741212685151588,-4.074559080200603,10.233913429198791,4.1866754229952825,-0.2926209930047845,6.23529169132333,3.0669866966939985,0.4832137590525175,3.0669866966939985,2.2322233687313338,0.6161116843656669,0.4832137590525175,0.6161116843656669,0.3335416666666666
0.778688152,-1.144943421,8.62034632,-2.39078404027769,-0.4268787946640937,3.1415900000000008,-2.8662394070232966,1.674223026018723,-1.77639153386977e-13,3.676147402289054,9.506321972974519,3.469446951953614e-15,-27.230942316816915,-9.299796415675047,4.649904422125882,-2.8130992982666285,-3.401396499574556,1.7007150178924935,4.8211510174805365,1.577346342075362,-0.6215890136956883,1.577346342075362,0.667083333336854,-0.166458333331573,-0.6215890136956883,-0.166458333331573,0.3335416666666666
-9.189785776,4.640123913,2.287464939,-2.438773499074413,0.08868954059435989,-2.0126835900089923,0.02791501436805883,-5.5864513049083,-1.3164989786119912,-11.300111036841697,27.997993278682465,42.84646704175721,-30.73461030642705,-12.02147120326924,-1.6801693259259733,25.467190186547,7.39798806158975,-13.965125533404967,6.215287867367458,2.5605916619986147,-0.05323138963735427,2.5605916619986147,1.2394371232964363,0.11971856164821817,-0.05323138963735427,0.11971856164821817,0.3335416666666666
-9.432692698,4.384395457,-9.68016541,-3.080512708107101,1.165332168525982,-1.7200497488639488,1.566850179044341,1.107509576663241,-10.761047892355476,9.20708593580044,-27.56940136106678,0.7965796889060073,-33.76671843452821,-9.287452654573746,-4.31941686720282,38.898129541997925,31.53481835252738,-4.182875663885605,5.885310309958833,2.535076040197839,0.6842163313128611,2.535076040197839,1.518383437103512,0.25919171855175605,0.6842163313128611,0.25919171855175605,0.3335416666666666
5.159020047,0.255174465,8.582084416,-2.0140704801404175,-0.8807847919581328,3.1415900000000008,-1.752437072891373,-1.689204878436151,-1.7763568394002505e-13,-2.8079529024289673,24.538428828996928,0.0,-20.031655118045517,-9.512895557245038,4.756452547115547,6.766735526869514,-2.36849889878129,1.1842690556752604,4.273719203309849,1.3036304349900183,-0.48473034924317243,1.3036304349900183,0.667083333336854,-0.166458333331573,-0.48473034924317243,-0.166458333331573,0.3335416666666666
-8.678350066,6.826345592,-8.666199825,-3.060319358258037,0.05266177236569499,-2.631795515802616,-8.309992727615679,17.710164798471393,-13.724631590294495,-35.41673089534925,152.54093332148244,74.41316584008106,-35.10394062598953,-10.659894137154946,3.923319777661484,-31.94839138839489,-29.957878679466088,-39.97330670014015,5.277676133635205,1.8691871389491541,-0.5258533004562506,1.8691871389491541,0.7942398109297699,-0.10288009453511504,-0.5258533004562506,-0.10288009453511504,0.3335416666666666
-3.113800424,-1.394025361,9.321241616,-2.817078454840761,0.06522242023145568,3.1415900000000008,-4.404279229366283,6.214349399207068,-1.7762874504612114e-13,15.143573475988603,-27.287393070760224,-6.938893903907228e-15,-32.319270591363896,-9.074334935775381,4.537174885825007,1.050747621922529,1.2642922244905286,-0.6321032421700581,4.9963723707590475,1.6649570187146174,-0.6653953057309696,1.6649570187146174,0.667083333336854,-0.166458333331573,-0.6653953057309696,-0.166458333331573,0.3335416666666666
1.244636845,-4.822708137,-5.166485718,-2.0158533492948325,-0.3210818766780532,0.8414568162178753,-1.4662558523432294,-2.365710883252766,3.193382170266756,2.3865975570778186,19.701519079224905,-80.24701196634032,-20.391921480284125,-9.833679702983524,0.3690851949444083,11.688859182466587,4.838992870910487,6.008764175579001,8.381318749652397,4.190618863043915,1.1005467308875123,4.190618863043915,2.3334606431021006,0.6667303215510503,1.1005467308875123,0.6667303215510503,0.3335416666666666
7.762366413,-5.482611432,-7.508905883,-2.493642242713842,0.754604196377679,-3.109286904763338,-1.0613011192635255,-3.596216705248587,-0.17525538635418264,33.201656882869244,-78.12931096937481,-9.961591575896628,-21.353634485184948,-1.7992999505911556,0.6647143506075676,-13.233700394503693,0.7853667660551789,-0.7491648340845218,4.480737980536541,1.407400716261929,-0.5192159318660152,1.407400716261929,0.6676051186539838,-0.16619744067300812,-0.5192159318660152,-0.16619744067300812,0.3335416666666666
-4.23338486,1.722461296,1.081810043,-1.802901573019184,-0.6253957459662699,-0.651033045489586,-0.8658733409802635,-4.446625675433375,5.450156577144723,-24.909846199128726,50.50218967287634,1.2040720259580695,-21.66453009289013,-16.023122226495857,-4.895495727480783,15.229194135454422,-9.562947282918135,-8.910324921702088,7.518412355625275,3.8237061055409436,0.8763380852975353,3.8237061055409436,2.4625415221232787,0.7312707610616394,0.8763380852975353,0.7312707610616394,0.3335416666666666
6.194215518,1.20951904,-4.231575711,-2.344088255950068,0.7400981981766497,-2.0528619635365937,-2.519124188596125,0.684039885976935,4.61092742395736,19.88833294099157,-39.89742758262737,11.65762331925535,-21.887099436344783,-4.756515116549535,-4.268159057116255,5.5917011605986,5.27299284170647,-4.559831576243879,6.00740036826012,2.438665818279075,0.22932583880809734,2.438665818279075,1.2034729349646964,0.10173646748234821,0.22932583880809734,0.10173646748234821,0.3335416666666666
-1.742073146,6.362419419,2.530129248,-2.463668452760917,0.7649967994797147,-1.5099307314759534,0.025332082993906307,-1.7940449979048423,-8.73699557412125,5.685966934105814,-47.5117856696241,69.64538779637586,-25.872494045639456,-6.770553018814931,-4.893991649427351,87.6833725844294,53.52194016643794,-1.5614937653458458,6.96073943637809,3.1775545623334334,0.731522023988276,3.1775545623334334,1.727911354955443,0.3639556774777214,0.731522023988276,0.3639556774777214,0.3335416666666666
9.181552854,-2.611911778,1.05223021,-2.097282031641884,0.7384602238407517,-0.5096957094648802,-2.0051406730736234,-0.9120236553872545,5.960342661200805,29.757100948471393,-71.69914104699149,66.31880444797211,-10.666711458633216,1.6570536347074594,-1.4388445276078035,-4.943872993042362,4.698804873095677,-1.6201436076269264,8.065983135773221,4.1362089086970695,1.2569618315300581,4.1362089086970695,2.5399763482875817,0.7699881741437908,1.2569618315300581,0.7699881741437908,0.3335416666666666
1.878484032,6.965824166,-7.090529236,-2.2347014892548533,-0.2762850580337088,-0.4572542139980694,-4.362309864748239,11.618420592730683,-11.880953006475446,-65.30742845763626,160.01559898022677,-102.05843671375447,-31.828589450246085,-16.71635270238687,-4.831484597470819,7.645997302931519,-21.05759963418688,-17.99260786199909,8.526928960175121,4.378869365756419,1.1535804725200094,4.378869365756419,2.5643514380043824,0.7821757190021912,1.1535804725200094,0.7821757190021912,0.3335416666666666
-1.869793265,8.199179233,-9.138662229,-2.725110889284074,0.4338972656300729,-1.3104381945189347,-3.9422401075266986,11.075332169408508,-9.1059240255884,16.289945338447076,-28.528040486902384,79.30379901274343,-36.53102083788276,-14.102469741616108,-4.3950086579173195,-49.464811577474684,-18.874065334975878,-30.555065168473238,7.619867582158431,3.605417939832889,0.7821616659191022,3.605417939832889,1.924509964174014,0.4622549820870071,0.7821616659191022,0.4622549820870071,0.3335416666666666
6.454125604,-1.692319253,6.596079706,-2.114399556217721,-0.3785775670890066,3.1415900000000008,1.6987487601203912,-9.707533434500887,-1.7763568394002505e-13,-13.007340415855717,43.13962413708339,0.0,-20.50268435120948,-7.817786142645545,3.908904865303013,22.639676632734382,-1.0665661565335007,0.5333735162513964,4.859008591553435,1.596275129111811,-0.6310534956432359,1.596275129111811,0.667083333336854,-0.166458333331573,-0.6310534956432359,-0.166458333331573,0.3335416666666666
-9.800908784,-2.699076845,-8.427399257,-3.0009389650796896,0.09333906617471528,-2.833187567050749,2.622803952657211,-10.07402819299886,2.6846122482599126,2.1868250824916835,13.50192055799937,0.9478716566571066,-34.39579535712976,-10.112990353306532,4.201002028529206,-8.681229480735695,-5.3612808078651355,-9.771312803782376,5.114366924216135,1.7475448451631095,-0.6030579777734622,1.7475448451631095,0.7142644327767502,-0.1428677836116249,-0.6030579777734622,-0.1428677836116249,0.3335416666666666
3.052291527,-4.523018028,4.053041413,-2.236513774012956,-0.3213727062604019,1.338195450791836,3.3078380421024995,-8.398159347475358,-4.742133752471611,-0.056122804363401,47.70576455039155,-106.13086301085417,-25.738788142322058,-10.591570698047724,1.6870055106460713,-63.79383481734185,-34.96163549563468,17.259464671650814,7.603612954247996,3.5838318780368024,0.7118315691932087,3.5838318780368024,1.8975924684922758,0.44879623424613774,0.7118315691932087,0.44879623424613774,0.3335416666666666
8.876028539,-7.463657955,7.295565908,-2.265732254929623,-0.9963245537149096,1.8908203116259021,0.44881477278607246,0.9894173367848736,-2.375679837356248,17.261557316972375,-28.26199070064894,5.522304092575148,-29.340248869819035,-13.63600288833566,0.9723569752237599,2.651569204076779,0.3895481698308245,1.0602932472955633,5.942122115935405,2.4805372274126745,0.4892030783328779,2.4805372274126745,1.3524940055566113,0.1762470027783056,0.4892030783328779,0.1762470027783056,0.3335416666666666
-8.810716968,-2.384589834,-1.404518776,-2.049625805154751,-0.38678092651158147,-0.718481610666514,-3.6118888785506194,0.8635044368628694,2.725305284722174,-15.930032322355459,42.4766163801471,-8.752660965500425,-27.409570863751362,-16.10990733777088,-4.9045664648673135,-11.421881271222816,-15.696058883264133,-8.314775699533905,7.980715275094351,4.0335315032617896,0.9343946241525043,4.0335315032617896,2.4198893980958944,0.7099446990479472,0.9343946241525043,0.7099446990479472,0.3335416666666666
-0.223009063,9.529246439,5.513823762,-2.8867992383576935,0.845099630941492,3.1415900000000008,-3.8009168693247948,6.264620252769733,-1.7763568394002505e-13,9.779987646476584,-14.519556863754168,6.938893903907228e-15,-28.18392121603686,-4.4507013964890545,2.225368097028081,6.266416057758686,10.806883525160039,-5.403414627503068,4.32793653127527,1.3307390989727286,-0.4982877048857395,1.3307390989727286,0.667083333336854,-0.166458333331573,-0.4982877048857395,-0.166458333331573,0.3335416666666666
-3.822852746,-4.60326429,7.262404084,-2.2204175046633825,-0.6726087118373965,0.6400643834624501,-1.7174769350152823,3.117544108411068,-9.212313622879615,-7.931714735557538,26.654110816113796,2.2823018063089506,-32.19003179225167,-17.355232362681146,-3.092481772959075,-17.619815411104618,-20.44462970303442,0.5373683382256971,8.148749868165606,4.142174420771941,1.2343055600643722,4.142174420771941,2.4691406400449423,0.7345703200224711,1.2343055600643722,0.7345703200224711,0.3335416666666666
7.626143455,0.214130111,-3.114085381,-1.9493401765836744,0.24970757712816444,0.32647663506296637,-2.6616517966937496,0.10521481137308418,4.254106702405091,17.16299448727332,-18.480493047761005,-38.34540745159831,-9.99110864691107,-0.9274583165770308,0.963127052656635,1.9340980697096875,5.141754975962959,2.977859755724729,8.693305069820571,4.487012463685721,1.2264046112877296,4.487012463685721,2.6142615242175364,0.8071307621087682,1.2264046112877296,0.8071307621087682,0.3335416666666666
9.898346963,-3.681129093,-6.345752421,-2.2925010674114343,0.9263302601450196,-2.4207464538710917,-1.9028941741606793,-0.35330040361304127,0.9968323777731324,29.258018017481735,-63.286038866298355,-4.688260154581125,-17.13134910492963,-0.9285314702236347,-3.918626922201821,-3.9330472846828926,1.3803412493602423,-3.4851135934975264,5.127998460288115,1.8551463190189776,-0.003929133422867548,1.8551463190189776,0.9158358444165072,-0.04208207779174644,-0.003929133422867548,-0.04208207779174644,0.3335416666666666
7.601962426,6.246707962,3.357788111,-2.2730857010215924,0.5655970005248794,0.5197896759700918,-3.006437631794753,6.157154132314143,-14.343442569021093,42.125903580079616,-49.48747832162059,-24.58107193556991,-16.014046453831575,-0.17170559607185698,1.8334646747585244,-80.76670239301569,-17.383778917717386,6.462639937347092,7.86792581322233,4.034695573102169,1.0007888636637268,4.034695573102169,2.535006999648675,0.7675034998243375,1.0007888636637268,0.7675034998243375,0.3335416666666666
9.168272636,8.514291544,4.964970066,-2.2063881130416627,0.27125559538580885,3.1415900000000008,-2.2515512239751736,1.1894830689376241,-1.776322144930731e-13,0.4546800998936895,15.487820120246187,-3.469446951953614e-15,-18.05493710859442,-3.4955766625573204,1.7478065735247479,1.056094232094999,1.3583304868701682,-0.6791540264866365,4.9274947489823155,1.6305182078262517,-0.6481763038285164,1.6305182078262517,0.667083333336854,-0.166458333331573,-0.6481763038285164,-0.166458333331573,0.3335416666666666
7.214028191,-5.057065194,-7.175068862,-2.4574708028005343,0.7143769280807375,-2.9974730491338253,-0.9267197191017139,-4.889286164580435,-1.6438176473523356,35.514600672612694,-84.00699226270002,-2.3270616651702714,-21.390883641256035,-2.3846382045987653,0.13819452335966298,-10.096063504595797,2.086095780376942,-2.7540598150257676,4.623920919402783,1.4839149266016955,-0.488062760756876,1.4839149266016955,0.6774506004672736,-0.16127469976636316,-0.488062760756876,-0.16127469976636316,0.3335416666666666
3.401236986,4.292370733,-6.658941424,-2.045290330757031,-0.24281913335918084,-0.5805937861277604,-5.978445155490905,13.107051630130247,-10.772137775238631,-52.62989187406397,117.51296014612933,-17.137889224304814,-25.601770696432588,-14.396582439763133,-4.723496261142529,-13.098414741830965,-36.2946097645014,-27.044862138303372,8.42847599191873,4.299077376023772,1.0914711619091173,4.299077376023772,2.5032204267954765,0.7516102133977383,1.0914711619091173,0.7516102133977383,0.3335416666666666
-2.088854538,8.205115324,1.228015351,-1.9374059932406225,-0.3711294310558733,-1.509671086988779,1.2032963227477034,-5.480166623435997,-1.837178025427534,-26.26705432208731,53.000055111876776,5.115038194879018,-22.513015537144533,-13.721968978459474,-3.8244159409290828,35.80056271842645,8.050033418200908,-9.818180839300501,6.552404549399602,2.97351669966428,0.21155394434350888,2.97351669966428,1.728170516595624,0.364085258297812,0.21155394434350888,0.364085258297812,0.3335416666666666
1.566718299,-6.117404542,0.520444972,-2.197922701032107,0.4923286616252621,-0.8850166612292806,0.8492575248440637,-6.848270728780575,5.050714460078522,43.8253342271,-102.62888484639454,111.57530832427209,-20.548429392015954,-6.156660063579912,-4.179113252889399,-38.548943052213566,-13.204721297260322,-14.064077118246969,8.201488996988962,4.0841536353405505,1.1121218568736997,4.0841536353405505,2.3003599403588053,0.6501799701794027,1.1121218568736997,0.6501799701794027,0.3335416666666666
0.468694548,-8.221287195,9.638853863,-2.2537848932472904,-1.1613698093598839,2.6046338935943227,2.9658808063534425,-10.848937819569771,-0.6261423512948721,-18.31703298599452,47.00897992987052,-30.108430197264944,-26.26575064646349,-10.787678809057805,3.380139114053951,39.23372751647127,-10.36673622909974,20.256252890797285,4.4627934217616305,1.4685333825301692,-0.032499086947940736,1.4685333825301692,0.8078150099653745,-0.09609249501731276,-0.032499086947940736,-0.09609249501731276,0.3335416666666666
1.427912009,-9.871822347,5.452984025,-2.1818575149744497,-0.5960639263642961,0.3080204152228087,3.91677546193528,-11.253552355890477,11.742315962522639,-31.118382135261413,73.15625548034177,-47.39365084809499,-31.66298406948656,-17.592085660957068,-3.839487183207238,38.204730502933955,-9.880023295482737,5.9806076692949155,8.39501716704761,4.340747213328823,1.2894102148846405,4.340747213328823,2.620018926276701,0.8100094631383505,1.2894102148846405,0.8100094631383505,0.3335416666666666
9.565314277,1.797400566,-3.606367274,-1.9298530346186469,0.2977686633282236,-0.7847117541721126,-1.761897954615753,-2.4941287551192413,10.801302044978604,29.602452564679858,-76.75858324141372,79.41687802371433,-13.191210972451149,-4.5733405042107105,-3.672051417498248,11.427711540578398,9.376114727574738,-7.126073491814576,8.45996491980783,4.2505492828307325,1.129221353457272,4.2505492828307325,2.3746753125203015,0.6873376562601508,1.129221353457272,0.6873376562601508,0.3335416666666666
-6.249845685,3.450532678,-6.097852031,-2.9816694292613337,0.8597835148349593,-0.7539785580935741,-4.85091794953039,10.949342001977339,-10.122208859614599,40.36587703459116,-88.03038247183181,71.02473758948236,-36.64989780205881,-12.437848764659536,-4.7328419931629195,-22.324668132034795,20.79951945263373,-11.486820858801687,7.681808564673281,3.8721606885231985,1.195231177183462,3.8721606885231985,2.3960544790397837,0.6980272395198919,1.195231177183462,0.6980272395198919,0.3335416666666666
1.55375785,2.044783528,9.248461862,-2.2847631465781757,-1.3380676562716298,3.1415900000007153,-2.618321947082347,0.7190626507933634,-1.7887913719705217e-10,3.0780388937947656,22.38481494475064,3.5793593783362e-08,-24.755686117391956,-8.695810666305256,4.347896296019149,-3.160847699910015,-6.670785247737069,3.3354005566037674,3.46189455467591,0.8977181106730486,-0.28177378546143994,0.8977181106730486,0.667083333336854,-0.166458333331573,-0.28177378546143994,-0.166458333331573,0.3335416666666666
-8.554694689,-0.000543527,4.881949586,-3.0192037625851977,-0.18892761672398478,3.035947432368376,2.5014321449308765,-12.453051941273886,4.471162471657791,-33.17042771373879,84.31650342727792,-42.00760049490437,-34.191516656756704,-9.849967977281604,4.832469428988035,26.32240162265294,2.7835767203721584,6.129872311195586,4.995892618639772,1.6675047766857687,-0.6421338233289644,1.6675047766857687,0.6726586013984321,-0.16367069930078393,-0.6421338233289644,-0.16367069930078393,0.3335416666666666
-6.455465191,-2.238665364,-8.742090031,-3.0959417387988153,0.5121732766542489,-3.0228998418174653,1.7115972420356849,-7.208960186613309,2.6274391440371745,25.770190596945408,-53.1691543212327,-12.380864010951065,-33.15907235672552,-8.659623042783421,3.8247133918966973,-19.798704875671483,-0.012085383542816075,-2.653293239139098,4.815188281837148,1.5778828372663791,-0.5666989472514168,1.5778828372663791,0.674119059362277,-0.1629404703188615,-0.5666989472514168,-0.1629404703188615,0.3335416666666666
4.517617276,-8.244642265,-2.098165833,-2.0133475312112803,-0.0393156879122538,-0.35758991090583764,1.2682490989771362,-10.47910207639175,18.562701612059644,41.24648340486026,-147.40208390495368,248.14868214292574,-20.97287131152723,-10.470131224443588,-3.6506955899960363,21.95831955694391,0.052324287277004444,-15.158601978005358,8.857311429656901,4.563798106688272,1.263044024661036,4.563798106688272,2.6038264503863084,0.8019132251931542,1.263044024661036,0.8019132251931542,0.3335416666666666
7.470452622,-0.553993265,8.252438673,-2.115942137055756,-0.1751051331692091,3.1415900000000008,2.0875030705381206,-10.65366199286927,-1.7763568394002505e-13,-3.0020748357992844,18.696658808543987,3.469446951953614e-15,-19.187665873449504,-6.470404406667983,3.2352168781807213,12.02424444713455,-0.7591510866722997,0.37968144230144496,4.970041920138469,1.6517917934043282,-0.6588122166479897,1.6517917934043282,0.667083333336854,-0.166458333331573,-0.6588122166479897,-0.166458333331573,0.3335416666666666
5.318342355,8.306479202,-7.451939819,-2.0320462368206837,-0.5043261137460044,-0.7867930408077786,1.463195993579126,-3.0728409846855347,3.674852550994244,-35.735118420661124,109.01565719513684,-138.1932605198455,-27.840926988208448,-16.925640544788493,-4.824366261387014,1.9397027866423748,-1.9879715019161672,-1.9461961781644286,7.609291065724095,3.8244762493593396,0.8246242392284281,3.8244762493593396,2.373203099661252,0.6866015498306262,0.8246242392284281,0.6866015498306262,0.3335416666666666
-8.528741893,-8.593474929,7.377085887,-2.0063405729473924,-0.955589610014554,-0.016321356398711198,0.6253383403064472,-3.6698294161870244,-3.03984083219472,-6.702823952094317,-21.964350947403233,117.39155128040224,-29.66505331223536,-19.31786017793172,-4.839711869053139,26.228416711494706,-0.41407226483584836,-0.23713325783807448,7.295596032870623,3.8145022545783305,1.1153361570007365,3.8145022545783305,2.6669501429527043,0.8334750714763521,1.1153361570007365,0.8334750714763521,0.3335416666666666
2.681399587,-0.068566124,-6.729131676,-2.5237929256823115,0.34166106417562897,-3.1415900000000008,-2.070719818833549,-0.9445161102604578,1.7763568394002505e-13,20.234142657578502,-41.56877232378331,0.0,-25.622248561448178,-5.630574123746136,2.815271074176579,-1.6095087001641595,1.4366602040690264,-0.7183502052363728,4.885024732555561,1.6092831996128738,-0.6375575996479608,1.6092831996128738,0.667083333336854,-0.166458333331573,-0.6375575996479608,-0.166458333331573,0.3335416666666666
3.474668755,-3.639652243,4.217597265,-2.114833728123437,-0.3825907164746237,1.1075929856615343,2.776403552633563,-6.410710946892112,-6.941505900724429,-5.636572687241603,63.33178111552851,-102.41772178583818,-23.57732185695817,-10.883311690946915,0.8827958624344736,-75.57233105274784,-45.88353096222086,8.464062483803692,7.979040814417623,3.879699333601218,0.9311987183187258,3.879699333601218,2.11389951945148,0.55694975972574,0.9311987183187258,0.55694975972574,0.3335416666666666
-0.792893423,0.149397211,5.793314649,-2.647167759684832,-0.18794798377244873,2.964433985117838,-4.214030926875219,5.252312901509551,-0.975776104136669,7.087576955326469,0.9015201777478055,5.973010098773601,-30.75320206445161,-9.165272952061626,4.864043458116862,-1.4106316280194342,-1.7120681863313898,3.2652398780203686,5.0293600370775735,1.6892766503163132,-0.6256753780934712,1.6892766503163132,0.6827349302217189,-0.15863253488914053,-0.6256753780934712,-0.15863253488914053,0.3335416666666666
-8.14509049,1.575170066,-6.055301054,-3.142461438766111,1.4257262943637967,-1.2120738580467254,0.3267801309246346,3.341896965050137,-16.8112388370477,26.50352500244729,-86.19451147785107,71.3010749405818,-31.459242419481832,-6.934251675065203,-4.794376782559411,36.44625306476729,74.73467873088346,-6.2899099299991015,5.76265149557649,2.72363573546592,0.9977123241644448,2.72363573546592,2.0181616420220174,0.5090808210110087,0.9977123241644448,0.5090808210110087,0.3335416666666666
6.162735036,-0.223079277,9.773906667,-1.9793779568512666,-0.7429460838600234,3.1415900000000008,0.18432266305093012,-6.458948353538619,-1.776322144930731e-13,-13.393299181918977,42.490009207462265,-3.469446951953614e-15,-18.704301872101464,-8.960320453380454,4.480168174654225,26.60985911632518,-0.02298260930391649,0.01154359159574092,4.473584491327646,1.403563078998917,-0.534696859874007,1.403563078998917,0.667083333336854,-0.166458333331573,-0.534696859874007,-0.166458333331573,0.3335416666666666
-6.341133506,9.260382802,6.018340732,-3.1416109272794395,0.8729369831554921,3.1415936848340404,0.005231819859918829,-0.5690493524656507,-0.0008481549375837019,-1.0463639720015294,25.46060081369472,0.17797108077501414,-30.828840708241373,-6.303840712336164,3.1519145426566304,-0.2431859079216352,2.0973397420576134e-05,-1.065037678005254e-05,4.285783686482212,1.3096626765747057,-0.4877474123336567,1.3096626765747057,0.6670833333338648,-0.16645833333306753,-0.4877474123336567,-0.16645833333306753,0.3335416666666666
-0.374790068,6.270681284,2.056978105,-2.2273416804679154,0.5105007917369674,-1.6397936777049875,0.31005548172362946,-3.624863628976528,-6.4629926947331935,5.992226448472248,-41.47484026103898,67.88010306558334,-21.90310866518424,-6.933439716351589,-4.7920253488757085,77.40065215448675,42.23505081060567,-5.524362356649781,6.976481374271093,3.1205402110960687,0.5127199691736206,3.1205402110960687,1.59814071458771,0.29907035729385506,0.5127199691736206,0.29907035729385506,0.3335416666666666
3.10242128,8.273815254,-8.694591672,-2.1363883724772994,-0.48093689115431987,-0.9131841826345768,0.43210486950324706,0.23463246378810687,-1.7601904238472175,-37.36192187471682,112.83216084314206,-146.40416907569698,-30.42067185114319,-17.277337906308674,-4.538696267881081,0.9727487169393498,0.07576281349795266,-0.26782001858448723,7.4472969670470155,3.6960336759827324,0.7270348050933355,3.6960336759827324,2.278312051585115,0.6391560257925575,0.7270348050933355,0.6391560257925575,0.3335416666666666
6.699764079,-2.363704401,-3.489087678,-1.7926809188027704,-0.16108300999223607,0.5338423468524699,-1.6057812166039198,-2.5013169614824693,5.334187667015386,2.3141934182804302,21.05164129766912,-82.09014251782598,-10.158565166011924,-4.761387582825803,0.7372362032302526,7.541747546363622,3.757753657276,4.761195793355076,8.753971734224569,4.474185836334554,1.2296337919264353,4.474185836334554,2.527941605111205,0.7639708025556025,1.2296337919264353,0.7639708025556025,0.3335416666666666
9.880535424,5.623810042,-0.289297224,-1.2282994921487258,-0.7480298061689851,-0.12744868690001032,-1.5787407147764614,2.4505400120498595,-10.473516974284614,-33.943428536445275,75.28095514899702,-57.766454501624764,-0.06096719818721241,-8.297442038093081,-2.4922485807889303,38.48149217969728,2.3108375853658876,-1.005205026749477,7.832235149259944,4.078833109717001,1.149801128696089,4.078833109717001,2.658972736840725,0.8294863684203626,1.149801128696089,0.8294863684203626,0.3335416666666666
-1.547432072,7.550578117,-8.263702556,-2.6281158084216525,0.337465095387766,-0.9372838473149222,-4.530663781987371,12.43070645078222,-11.488352239072874,25.460327247690095,-64.57513547015736,125.38722609928676,-35.950265669377956,-14.587962598459326,-4.88672815227741,-42.922113196788246,-15.560400197168063,-30.943688739859002,8.24883322050601,4.087177092517291,1.042250286454007,4.087177092517291,2.2590626311952415,0.6295313155976208,1.042250286454007,0.6295313155976208,0.3335416666666666
4.168375138,5.783092474,5.983927594,-2.412452268744504,0.07319494411178487,3.1415900000000008,-3.660024319694468,5.15433628938164,-1.7763568394002505e-13,-0.12563377537011533,18.379318307848003,0.0,-25.10768496380637,-6.8182305134554815,3.4091292939449347,0.8163466353051021,0.9796456762775128,-0.48979328665447497,4.995269697580802,1.6644056821254942,-0.6651196532652388,1.6644056821254942,0.667083333336854,-0.166458333331573,-0.6651196532652388,-0.166458333331573,0.3335416666666666
-3.554265505,5.932783655,-5.493431162,-2.8739290867288068,0.6098180311515864,-0.09109283301156587,-4.943839795217299,13.862380669276344,-17.664353199227953,88.21210429465064,-171.35441823106845,79.81977133553286,-36.52083357359947,-12.86913288481252,-3.464921298795442,-60.37485850379837,26.917145910129587,2.4409653851752626,8.324187559055485,4.326791570891479,1.2656945737345862,4.326791570891479,2.66293724939414,0.83146862469707,1.2656945737345862,0.83146862469707,0.3335416666666666
-2.75384099,-1.651037756,0.828199673,-1.7308761055873618,-0.6686731784235275,-0.07580062967773367,-2.682114132992715,-0.4904571682067042,1.4846259119051242,-15.171335267753605,39.187249464695924,-18.022556029077872,-18.611540627856506,-14.70233003896977,-3.856062481612895,0.9250959146635509,-9.399998344447631,-2.8182929623648763,8.087132791354337,4.208901482794652,1.1998281923879743,4.208901482794652,2.664211840901635,0.8321059204508174,1.1998281923879743,0.8321059204508174,0.3335416666666666
-7.747726689,-1.861043987,-9.993986198,-3.117135307811378,0.43619255208745805,-3.0571157191859455,1.0899263280356648,-6.689585231982721,1.978836670749001,18.904598137358786,-38.932203599426174,-23.469706538920885,-33.50475272512206,-8.987087318117995,4.194076813281102,-16.923033110783933,-0.31239458411510945,-1.6183390336708108,4.85580525516353,1.5964564882888905,-0.5984184712989744,1.5964564882888905,0.6706493880809183,-0.16467530595954083,-0.5984184712989744,-0.16467530595954083,0.3335416666666666
4.887614527,7.037518245,-7.221366418,-1.9005050447785328,-0.6945648839594744,-0.009243672665582396,-0.5834077213887965,1.9048123134937345,-2.8853289306264305,-18.67186649510222,91.07615649705436,-168.228920591043,-24.725871346455172,-16.78547464671655,-4.213907287002135,2.034117872294871,-0.4336714123886445,-0.11819949327726142,8.067962197348058,4.200730570788378,1.214711858759875,4.200730570788378,2.6670406108953637,0.8335203054476819,1.214711858759875,0.8335203054476819,0.3335416666666666
4.075715385,6.422061768,9.636566457,-2.1490181432380444,-1.2676191296793085,3.1415900000000008,-0.8708854228209671,-1.742637395072446,-1.7763568394002505e-13,-1.2243516914706154,26.992744167756875,-3.469446951953614e-15,-22.84506357858801,-9.441275853995254,4.720632624509766,5.795127688608009,-0.7238506864269212,0.3619348565367435,3.597735537205788,0.9656386019379879,-0.3157340682062212,0.9656386019379879,0.667083333336854,-0.166458333331573,-0.3157340682062212,-0.166458333331573,0.3335416666666666
6.875811247,-1.517870291,9.59377417,-2.3430208438012277,0.35943821526374853,3.1415900000000008,1.6386199644123212,-8.77856985795927,-1.7764956172783286e-13,40.050203793560165,-93.08030329465211,1.3877787807814457e-14,-21.047239593953726,-3.935398605661601,1.9677171867384229,-16.987330309487376,0.9444743202715196,-0.4721645192918842,4.872813223149361,1.603177444909774,-0.6345060891625444,1.603177444909774,0.667083333336854,-0.166458333331573,-0.6345060891625444,-0.166458333331573,0.3335416666666666
9.479688097,0.073539584,5.068930772,-1.9671864922115514,-0.3314829718633003,3.1415900000000008,1.077755056871267,-8.096748636406947,-1.7763568394002505e-13,-7.523683908728485,29.737412822663956,0.0,-15.995299076218219,-6.526418908438211,3.26322403048655,15.655408693417186,-0.37802184983602594,0.1890784770252698,4.891747377086682,1.612644521878435,-0.6392382799004739,1.612644521878435,0.667083333336854,-0.166458333331573,-0.6392382799004739,-0.166458333331573,0.3335416666666666
8.276753353,-0.477058561,7.275724822,-2.1326423817777216,-0.011467544215749888,3.1415900000000008,1.983447456607014,-10.197264355962888,-1.7763568394002505e-13,15.613995126482205,-30.533665740618332,0.0,-18.38679586164582,-5.321117527266049,2.6605751657130687,0.728464066902017,-0.04510784259456457,0.02265126491609948,5.000493527307308,1.6670175969887473,-0.6664254423327607,1.6670175969887473,0.667083333336854,-0.166458333331573,-0.6664254423327607,-0.166458333331573,0.3335416666666666
4.031371321,-4.121514881,5.3530454,-2.051240133548913,-0.3381428945632194,0.881431795136978,4.083565685935106,-9.267739207662117,-2.878987829153771,-10.13583412443353,62.82232976189128,-116.8564854174634,-21.77134742238576,-10.436559885244755,0.3080523159771227,-22.13386344321377,-18.70251046193103,14.679540950407432,8.322802135181751,4.146195376576831,1.0795716940183668,4.146195376576831,2.303130284638577,0.6515651423192885,1.0795716940183668,0.6515651423192885,0.3335416666666666
1.413695717,-8.123096931,-2.172391474,-1.8857174644616967,-0.6329363110081306,1.0689419435885588,-0.8945898745874892,-4.871512029898388,8.003998241591153,-3.723377094255742,26.747422645478025,-86.10157764613024,-18.954983372727533,-11.358573373557519,0.5924692238792002,40.2801305146359,11.837696457184371,14.743088208287073,7.8070052330730695,3.810799493733624,1.0272906104224386,3.810799493733624,2.1481354210608443,0.5740677105304222,1.0272906104224386,0.5740677105304222,0.3335416666666666
-8.525179732,-0.476660736,-1.429207837,-2.0262887437332733,-0.4299551564072032,-1.3330916406862494,-3.508192271786255,1.2266473905015238,-0.85179412472342,-17.568102530881813,46.92951029094194,-10.904116545087605,-26.092469758941814,-15.303809947828821,-3.9114811818819577,-3.421000086869295,-11.494148680357117,-8.569872681662439,6.77198241868399,3.1704982810124003,0.35574371189048637,3.1704982810124003,1.9025558100074762,0.4512779050037382,0.35574371189048637,0.4512779050037382,0.3335416666666666
-1.525251141,1.726007072,-7.546186796,-2.824216642593629,0.5380197156342714,-2.8894990061122203,-6.114519128923714,11.8373057226756,-3.831454436057439,51.960300328193654,-114.42214144486584,49.485082786034695,-30.759934482709067,-7.459772616739125,2.1920880430930327,-12.084006104839734,11.818997690517012,-17.365086961487428,4.904643298063576,1.6348963214307521,-0.5025368859038584,1.6348963214307521,0.6986910114645948,-0.15065449426770255,-0.5025368859038584,-0.15065449426770255,0.3335416666666666
8.675378199,3.681008962,6.475627168,-1.8575730333812301,-1.0542798211624882,3.1415900000103587,-1.5644184127633307,-1.7398878297454303,-2.589661818319655e-09,-4.327133431232921,31.250400819343493,5.17896836527143e-07,-16.48943760109751,-9.552245976550381,4.77612743427072,7.365938595444632,-2.1281266371351606,1.0640802104939002,3.988335479376135,1.1609385730231612,-0.41338422261879354,1.1609385730231612,0.667083333336854,-0.166458333331573,-0.41338422261879354,-0.166458333331573,0.3335416666666666
